fazer tarefa 21,#A descrição já existe no sistema
fazer tarefa 22,#A descrição já existe no sistema
fazer tarefa 23,#A descrição já existe no sistema
fazer tarefa 24,#A descrição já existe no sistema
fazer tarefa 25,#A descrição já existe no sistema
fazer tarefa 26,#A descrição já existe no sistema
fazer tarefa 27,#A descrição já existe no sistema
fazer tarefa 28,#A descrição já existe no sistema
fazer tarefa 18,#A descrição já existe no sistema
fazer tarefa 19,#A descrição já existe no sistema
